{
  "project_info": {
    "project_number": "724894961239",
    "firebase_url": "https://practice-270c8-default-rtdb.firebaseio.com",
    "project_id": "practice-270c8",
    "storage_bucket": "practice-270c8.appspot.com"
  },
  "client": [
    {
      "client_info": {
        "mobilesdk_app_id": "1:724894961239:android:54ff920e4042d855e35d12",
        "android_client_info": {
          "package_name": "com.example.compose1"
        }
      },
      "oauth_client": [],
      "api_key": [
        {
          "current_key": "AIzaSyD6SyA28VhW5qrdN8olRquhPNPy2d_gYC0"
        }
      ],
      "services": {
        "appinvite_service": {
          "other_platform_oauth_client": []
        }
      }
    }
  ],
  "configuration_version": "1"
}